,bestParams,mse,r2,rmse
Linear Regression,{},114645181342.62703,0.9751360245953378,338592.94343300635
