,bestParams,mse,r2,rmse
Linear Regression,{},3155263694507.91,0.3156938828418222,1776306.1939057438
