,MSE,RMSE,R^2
Linear Regression,3155263694507.91,1776306.1939057438,0.3156938828418222
