,bestParams,mse,rmse,r2
Gradient Boosting,"{'max_depth': 10, 'min_samples_split': 5, 'n_estimators': 100}",102988453569.09949,320918.1415393955,0.9789828315822311
Random Forest,{},106276397404.6972,326000.6095158369,0.978311850836855
Linear Regression,{},1682475309103.0356,1297102.6594310242,0.6566521225951685
Ridge Regression,{'alpha': 10},1685349001330.2117,1298209.9219040854,0.656065679441336
Lasso Regression,{'alpha': 10},1685934231865.685,1298435.3013784264,0.6559462496576951
