,MSE,RMSE,R^2
Linear Regression,114645181342.62703,338592.94343300635,0.9751360245953378
